,Index,Title,Channel_name,tokens,topic,Coding,Productivity,Lifestyle,Education,zero_shot_output_coding,zero_shot_output_productivity,zero_shot_output_lifestyle,zero_shot_output_education
0,9208,OpenDaylight (ODL) and Mininet demo - SDN & OpenFlow on GNS3,David Bombal,"['opendaylight', 'odl', 'mininet', 'demo', 'sdn', 'openflow']",0,1.0,,,,"{'sequence': 'OpenDaylight (ODL) and Mininet demo - SDN & OpenFlow on GNS3', 'labels': ['coding'], 'scores': [0.3558431565761566]}","{'sequence': 'OpenDaylight (ODL) and Mininet demo - SDN & OpenFlow on GNS3', 'labels': ['productivity'], 'scores': [0.4500187635421753]}","{'sequence': 'OpenDaylight (ODL) and Mininet demo - SDN & OpenFlow on GNS3', 'labels': ['lifestyle'], 'scores': [0.09072083234786987]}","{'sequence': 'OpenDaylight (ODL) and Mininet demo - SDN & OpenFlow on GNS3', 'labels': ['education'], 'scores': [0.06684362888336182]}"
1,12927,Perform EDA In Seconds With Visualization Using SweetViz Library,Krish Naik,"['perform', 'eda', 'seconds', 'visualization', 'sweetviz', 'library']",0,1.0,,,,"{'sequence': 'Perform EDA In Seconds With Visualization Using SweetViz Library', 'labels': ['coding'], 'scores': [0.0016949936980381608]}","{'sequence': 'Perform EDA In Seconds With Visualization Using SweetViz Library', 'labels': ['productivity'], 'scores': [0.46019941568374634]}","{'sequence': 'Perform EDA In Seconds With Visualization Using SweetViz Library', 'labels': ['lifestyle'], 'scores': [0.17778466641902924]}","{'sequence': 'Perform EDA In Seconds With Visualization Using SweetViz Library', 'labels': ['education'], 'scores': [0.8752310276031494]}"
2,12410,Integrating HTML With FLASK Web Framework With HTTP VERBS(Get And POST),Krish Naik,"['integrate', 'html', 'flask', 'web', 'framework', 'http', 'post']",0,1.0,,,,"{'sequence': 'Integrating HTML With FLASK Web Framework With HTTP VERBS(Get And POST)', 'labels': ['coding'], 'scores': [0.7391538619995117]}","{'sequence': 'Integrating HTML With FLASK Web Framework With HTTP VERBS(Get And POST)', 'labels': ['productivity'], 'scores': [0.54799485206604]}","{'sequence': 'Integrating HTML With FLASK Web Framework With HTTP VERBS(Get And POST)', 'labels': ['lifestyle'], 'scores': [0.5123517513275146]}","{'sequence': 'Integrating HTML With FLASK Web Framework With HTTP VERBS(Get And POST)', 'labels': ['education'], 'scores': [0.03864334896206856]}"
3,12822,Silhouette (clustering)- Validating Clustering Models- Unsupervised Machine Learning,Krish Naik,"['silhouette', 'validate', 'cluster', 'unsupervised', 'machine', 'learning']",0,1.0,,,,"{'sequence': 'Silhouette (clustering)- Validating Clustering Models- Unsupervised Machine Learning', 'labels': ['coding'], 'scores': [0.002449721796438098]}","{'sequence': 'Silhouette (clustering)- Validating Clustering Models- Unsupervised Machine Learning', 'labels': ['productivity'], 'scores': [0.0548485703766346]}","{'sequence': 'Silhouette (clustering)- Validating Clustering Models- Unsupervised Machine Learning', 'labels': ['lifestyle'], 'scores': [0.020910171791911125]}","{'sequence': 'Silhouette (clustering)- Validating Clustering Models- Unsupervised Machine Learning', 'labels': ['education'], 'scores': [0.007553317118436098]}"
4,13744,Why the Sky ISN'T Blue,Veritasium,"['sky', 'blue']",0,,,1.0,,"{'sequence': ""Why the Sky ISN'T Blue"", 'labels': ['coding'], 'scores': [0.01672271452844143]}","{'sequence': ""Why the Sky ISN'T Blue"", 'labels': ['productivity'], 'scores': [0.001950765959918499]}","{'sequence': ""Why the Sky ISN'T Blue"", 'labels': ['lifestyle'], 'scores': [0.008724544197320938]}","{'sequence': ""Why the Sky ISN'T Blue"", 'labels': ['education'], 'scores': [0.005557208321988583]}"
5,12832,Live Project Developing AI Advertisement Platform Using Deep Learning,Krish Naik,"['live', 'project', 'develop', 'ai', 'advertisement', 'platform', 'deep', 'learning']",0,1.0,,,,"{'sequence': 'Live Project Developing AI Advertisement Platform Using Deep Learning', 'labels': ['coding'], 'scores': [0.02684769220650196]}","{'sequence': 'Live Project Developing AI Advertisement Platform Using Deep Learning', 'labels': ['productivity'], 'scores': [0.18564599752426147]}","{'sequence': 'Live Project Developing AI Advertisement Platform Using Deep Learning', 'labels': ['lifestyle'], 'scores': [0.44660937786102295]}","{'sequence': 'Live Project Developing AI Advertisement Platform Using Deep Learning', 'labels': ['education'], 'scores': [0.0015347066801041365]}"
6,12215,My Speech-OneNeuron OTT Platform Launch,Krish Naik,"['speech', 'oneneuron', 'ott', 'platform', 'launch']",0,1.0,,,,"{'sequence': 'My Speech-OneNeuron OTT Platform Launch', 'labels': ['coding'], 'scores': [0.007662719581276178]}","{'sequence': 'My Speech-OneNeuron OTT Platform Launch', 'labels': ['productivity'], 'scores': [0.296550452709198]}","{'sequence': 'My Speech-OneNeuron OTT Platform Launch', 'labels': ['lifestyle'], 'scores': [0.1818053424358368]}","{'sequence': 'My Speech-OneNeuron OTT Platform Launch', 'labels': ['education'], 'scores': [0.03127160668373108]}"
7,7110,Front-end vs back-end explained like a restaurant,Coder Coder,"['end', 'end', 'explain', 'restaurant']",0,,,1.0,,"{'sequence': 'Front-end vs back-end explained like a restaurant', 'labels': ['coding'], 'scores': [0.01133393682539463]}","{'sequence': 'Front-end vs back-end explained like a restaurant', 'labels': ['productivity'], 'scores': [0.004416901618242264]}","{'sequence': 'Front-end vs back-end explained like a restaurant', 'labels': ['lifestyle'], 'scores': [0.0018013479420915246]}","{'sequence': 'Front-end vs back-end explained like a restaurant', 'labels': ['education'], 'scores': [0.0009893866954371333]}"
8,5561,SVG Internals (PicoCTF 2022 #07 enhance),John Hammond,"['svg', 'internals', 'picoctf', 'enhance']",0,1.0,,,,"{'sequence': 'SVG Internals (PicoCTF 2022 #07 enhance)', 'labels': ['coding'], 'scores': [0.6682048439979553]}","{'sequence': 'SVG Internals (PicoCTF 2022 #07 enhance)', 'labels': ['productivity'], 'scores': [0.4203241467475891]}","{'sequence': 'SVG Internals (PicoCTF 2022 #07 enhance)', 'labels': ['lifestyle'], 'scores': [0.008629238232970238]}","{'sequence': 'SVG Internals (PicoCTF 2022 #07 enhance)', 'labels': ['education'], 'scores': [0.06254630535840988]}"
9,12287,Suggest More Services That We Should Provide In iNeuron Affordable Courses,Krish Naik,"['suggest', 'services', 'provide', 'ineuron', 'affordable', 'course']",0,,,,1.0,"{'sequence': 'Suggest More Services That We Should Provide In iNeuron Affordable Courses', 'labels': ['coding'], 'scores': [0.1307467222213745]}","{'sequence': 'Suggest More Services That We Should Provide In iNeuron Affordable Courses', 'labels': ['productivity'], 'scores': [0.25785160064697266]}","{'sequence': 'Suggest More Services That We Should Provide In iNeuron Affordable Courses', 'labels': ['lifestyle'], 'scores': [0.15825875103473663]}","{'sequence': 'Suggest More Services That We Should Provide In iNeuron Affordable Courses', 'labels': ['education'], 'scores': [0.7570620179176331]}"
10,8685,GNS3 Labs: GRE Tunneling across BGP Internet routers: Answers Part 1,David Bombal,"['labs', 'gre', 'tunneling', 'bgp', 'internet', 'router', 'answer']",0,1.0,,,,"{'sequence': 'GNS3 Labs: GRE Tunneling across BGP Internet routers: Answers Part 1', 'labels': ['coding'], 'scores': [0.196892648935318]}","{'sequence': 'GNS3 Labs: GRE Tunneling across BGP Internet routers: Answers Part 1', 'labels': ['productivity'], 'scores': [0.20767948031425476]}","{'sequence': 'GNS3 Labs: GRE Tunneling across BGP Internet routers: Answers Part 1', 'labels': ['lifestyle'], 'scores': [0.008641328662633896]}","{'sequence': 'GNS3 Labs: GRE Tunneling across BGP Internet routers: Answers Part 1', 'labels': ['education'], 'scores': [0.007235487923026085]}"
11,5878,b00t2root19 CTF: Can You Read Me [Esoteric Languages],John Hammond,"['ctf', 'read', 'esoteric', 'language']",0,,,,1.0,"{'sequence': 'b00t2root19 CTF: Can You Read Me [Esoteric Languages]', 'labels': ['coding'], 'scores': [0.013503366149961948]}","{'sequence': 'b00t2root19 CTF: Can You Read Me [Esoteric Languages]', 'labels': ['productivity'], 'scores': [0.025335313752293587]}","{'sequence': 'b00t2root19 CTF: Can You Read Me [Esoteric Languages]', 'labels': ['lifestyle'], 'scores': [0.022646453231573105]}","{'sequence': 'b00t2root19 CTF: Can You Read Me [Esoteric Languages]', 'labels': ['education'], 'scores': [0.05099260061979294]}"
12,12815,"Tutorial 3-Build,Train, Deploy Machine Learning Model In AWS SageMaker- Creating S3 Buckets",Krish Naik,"['tutorial', 'build', 'train', 'deploy', 'machine', 'learning', 'model', 'aws', 'create', 'buckets']",0,1.0,,,,"{'sequence': 'Tutorial 3-Build,Train, Deploy Machine Learning Model In AWS SageMaker- Creating S3 Buckets', 'labels': ['coding'], 'scores': [0.29190874099731445]}","{'sequence': 'Tutorial 3-Build,Train, Deploy Machine Learning Model In AWS SageMaker- Creating S3 Buckets', 'labels': ['productivity'], 'scores': [0.27095896005630493]}","{'sequence': 'Tutorial 3-Build,Train, Deploy Machine Learning Model In AWS SageMaker- Creating S3 Buckets', 'labels': ['lifestyle'], 'scores': [0.016240319237113]}","{'sequence': 'Tutorial 3-Build,Train, Deploy Machine Learning Model In AWS SageMaker- Creating S3 Buckets', 'labels': ['education'], 'scores': [0.004186494275927544]}"
13,4658,"Fastly's Outage Took Down Amazon, Reddit, Stack Overflow and many other websites (Early reports)",Hussein Nasser,"['outage', 'took', 'amazon', 'reddit', 'stack', 'overflow', 'website', 'early', 'report']",0,1.0,,,,"{'sequence': ""Fastly's Outage Took Down Amazon, Reddit, Stack Overflow and many other websites (Early reports)"", 'labels': ['coding'], 'scores': [0.07454187422990799]}","{'sequence': ""Fastly's Outage Took Down Amazon, Reddit, Stack Overflow and many other websites (Early reports)"", 'labels': ['productivity'], 'scores': [0.43154144287109375]}","{'sequence': ""Fastly's Outage Took Down Amazon, Reddit, Stack Overflow and many other websites (Early reports)"", 'labels': ['lifestyle'], 'scores': [0.053579337894916534]}","{'sequence': ""Fastly's Outage Took Down Amazon, Reddit, Stack Overflow and many other websites (Early reports)"", 'labels': ['education'], 'scores': [0.00019001368491444737]}"
14,564,üìö How to use SharePoint Document Library - Beginners Tutorial,Kevin Stratvert,"['use', 'sharepoint', 'document', 'library', 'beginners', 'tutorial']",0,,,,1.0,"{'sequence': 'üìö How to use SharePoint Document Library - Beginners Tutorial', 'labels': ['coding'], 'scores': [0.007745957002043724]}","{'sequence': 'üìö How to use SharePoint Document Library - Beginners Tutorial', 'labels': ['productivity'], 'scores': [0.22435909509658813]}","{'sequence': 'üìö How to use SharePoint Document Library - Beginners Tutorial', 'labels': ['lifestyle'], 'scores': [0.005057383328676224]}","{'sequence': 'üìö How to use SharePoint Document Library - Beginners Tutorial', 'labels': ['education'], 'scores': [0.6435643434524536]}"
15,3098,Coding A Social Network Platform part 2 || The Startup Vlog,Kalle Hallden,"['code', 'social', 'network', 'platform', 'startup', 'vlog']",0,1.0,,1.0,,"{'sequence': 'Coding A Social Network Platform part 2 || The Startup Vlog', 'labels': ['coding'], 'scores': [0.9966026544570923]}","{'sequence': 'Coding A Social Network Platform part 2 || The Startup Vlog', 'labels': ['productivity'], 'scores': [0.025911275297403336]}","{'sequence': 'Coding A Social Network Platform part 2 || The Startup Vlog', 'labels': ['lifestyle'], 'scores': [0.005355150438845158]}","{'sequence': 'Coding A Social Network Platform part 2 || The Startup Vlog', 'labels': ['education'], 'scores': [0.00016658140521030873]}"
16,7374,Improve performance with one attribute,Kevin Powell,"['improve', 'performance', 'attribute']",0,,1.0,,,"{'sequence': 'Improve performance with one attribute', 'labels': ['coding'], 'scores': [0.32942846417427063]}","{'sequence': 'Improve performance with one attribute', 'labels': ['productivity'], 'scores': [0.8155513405799866]}","{'sequence': 'Improve performance with one attribute', 'labels': ['lifestyle'], 'scores': [0.1756773293018341]}","{'sequence': 'Improve performance with one attribute', 'labels': ['education'], 'scores': [0.02020901069045067]}"
17,2475,How to Learn Anything Faster Using Audiobooks,Ali Abdaal,"['learn', 'faster', 'audiobook']",0,,1.0,,1.0,"{'sequence': 'How to Learn Anything Faster Using Audiobooks', 'labels': ['coding'], 'scores': [0.06426706165075302]}","{'sequence': 'How to Learn Anything Faster Using Audiobooks', 'labels': ['productivity'], 'scores': [0.14904563128948212]}","{'sequence': 'How to Learn Anything Faster Using Audiobooks', 'labels': ['lifestyle'], 'scores': [0.08940599113702774]}","{'sequence': 'How to Learn Anything Faster Using Audiobooks', 'labels': ['education'], 'scores': [0.8082340955734253]}"
18,6342,C++ [SDL] 01 Basic Window,John Hammond,"['sdl', 'basic', 'window']",0,1.0,,,,"{'sequence': 'C++ [SDL] 01 Basic Window', 'labels': ['coding'], 'scores': [0.908970832824707]}","{'sequence': 'C++ [SDL] 01 Basic Window', 'labels': ['productivity'], 'scores': [0.3261512815952301]}","{'sequence': 'C++ [SDL] 01 Basic Window', 'labels': ['lifestyle'], 'scores': [0.09399838745594025]}","{'sequence': 'C++ [SDL] 01 Basic Window', 'labels': ['education'], 'scores': [0.04536592215299606]}"
19,4065,I accomplish EVERYTHING by doing THIS!,Dorian Develops,['accomplish'],0,,,1.0,,"{'sequence': 'I accomplish EVERYTHING by doing THIS!', 'labels': ['coding'], 'scores': [0.2018151730298996]}","{'sequence': 'I accomplish EVERYTHING by doing THIS!', 'labels': ['productivity'], 'scores': [0.9728571176528931]}","{'sequence': 'I accomplish EVERYTHING by doing THIS!', 'labels': ['lifestyle'], 'scores': [0.4637291431427002]}","{'sequence': 'I accomplish EVERYTHING by doing THIS!', 'labels': ['education'], 'scores': [0.03443455696105957]}"
20,8462,CCNA Remote Labs (and more): Livelabs3.com = share your labs with the world: CCNA | CCNP | Python,David Bombal,"['ccna', 'remote', 'labs', 'share', 'lab', 'world', 'ccna', 'ccnp', 'python']",1,1.0,,,,"{'sequence': 'CCNA Remote Labs (and more): Livelabs3.com = share your labs with the world: CCNA | CCNP | Python', 'labels': ['coding'], 'scores': [0.5458459258079529]}","{'sequence': 'CCNA Remote Labs (and more): Livelabs3.com = share your labs with the world: CCNA | CCNP | Python', 'labels': ['productivity'], 'scores': [0.5452224612236023]}","{'sequence': 'CCNA Remote Labs (and more): Livelabs3.com = share your labs with the world: CCNA | CCNP | Python', 'labels': ['lifestyle'], 'scores': [0.906280517578125]}","{'sequence': 'CCNA Remote Labs (and more): Livelabs3.com = share your labs with the world: CCNA | CCNP | Python', 'labels': ['education'], 'scores': [0.09558520466089249]}"
21,15649,How to Journal for Beginners | 5 Tips on How to Start a Journal,Clark Kegley,"['journal', 'beginner', 'tip', 'start', 'journal']",1,,,1.0,,"{'sequence': 'How to Journal for Beginners | 5 Tips on How to Start a Journal', 'labels': ['coding'], 'scores': [0.004798399284482002]}","{'sequence': 'How to Journal for Beginners | 5 Tips on How to Start a Journal', 'labels': ['productivity'], 'scores': [0.3581397831439972]}","{'sequence': 'How to Journal for Beginners | 5 Tips on How to Start a Journal', 'labels': ['lifestyle'], 'scores': [0.15482953190803528]}","{'sequence': 'How to Journal for Beginners | 5 Tips on How to Start a Journal', 'labels': ['education'], 'scores': [0.35387545824050903]}"
22,4023,How to Stop Procrastinating and Study for Your CCNA CCNP,NetworkChuck,"['stop', 'procrastinating', 'study', 'ccna', 'ccnp']",1,,1.0,,,"{'sequence': 'How to Stop Procrastinating and Study for Your CCNA CCNP', 'labels': ['coding'], 'scores': [0.07744759321212769]}","{'sequence': 'How to Stop Procrastinating and Study for Your CCNA CCNP', 'labels': ['productivity'], 'scores': [0.6174074411392212]}","{'sequence': 'How to Stop Procrastinating and Study for Your CCNA CCNP', 'labels': ['lifestyle'], 'scores': [0.09921208769083023]}","{'sequence': 'How to Stop Procrastinating and Study for Your CCNA CCNP', 'labels': ['education'], 'scores': [0.9152687788009644]}"
23,8521,Cisco CCNA Packet Tracer Ultimate labs: VTP Troubleshooting Lab. Can you fix the network?,David Bombal,"['cisco', 'ccna', 'packet', 'tracer', 'ultimate', 'lab', 'vtp', 'troubleshooting', 'lab', 'fix', 'network']",1,1.0,,,,"{'sequence': 'Cisco CCNA Packet Tracer Ultimate labs: VTP Troubleshooting Lab. Can you fix the network?', 'labels': ['coding'], 'scores': [0.0164470374584198]}","{'sequence': 'Cisco CCNA Packet Tracer Ultimate labs: VTP Troubleshooting Lab. Can you fix the network?', 'labels': ['productivity'], 'scores': [0.041689954698085785]}","{'sequence': 'Cisco CCNA Packet Tracer Ultimate labs: VTP Troubleshooting Lab. Can you fix the network?', 'labels': ['lifestyle'], 'scores': [0.01880001090466976]}","{'sequence': 'Cisco CCNA Packet Tracer Ultimate labs: VTP Troubleshooting Lab. Can you fix the network?', 'labels': ['education'], 'scores': [0.031510110944509506]}"
24,5306,Codeforces Round #629 (Div. 3) (20th),William Lin,"['codeforce', 'round', 'div']",1,1.0,,,,"{'sequence': 'Codeforces Round #629 (Div. 3) (20th)', 'labels': ['coding'], 'scores': [0.9970056414604187]}","{'sequence': 'Codeforces Round #629 (Div. 3) (20th)', 'labels': ['productivity'], 'scores': [0.6039095520973206]}","{'sequence': 'Codeforces Round #629 (Div. 3) (20th)', 'labels': ['lifestyle'], 'scores': [0.0856412872672081]}","{'sequence': 'Codeforces Round #629 (Div. 3) (20th)', 'labels': ['education'], 'scores': [0.14166641235351562]}"
25,8620,Cisco CCNA Packet Tracer Ultimate labs: AAA Lab. Answers Part 3: TACACS & RADIUS configuration.,David Bombal,"['cisco', 'ccna', 'packet', 'tracer', 'ultimate', 'lab', 'aaa', 'lab', 'answer', 'tacacs', 'radius', 'configuration']",1,1.0,,,,"{'sequence': 'Cisco CCNA Packet Tracer Ultimate labs: AAA Lab. Answers Part 3: TACACS & RADIUS configuration.', 'labels': ['coding'], 'scores': [0.17010091245174408]}","{'sequence': 'Cisco CCNA Packet Tracer Ultimate labs: AAA Lab. Answers Part 3: TACACS & RADIUS configuration.', 'labels': ['productivity'], 'scores': [0.14186984300613403]}","{'sequence': 'Cisco CCNA Packet Tracer Ultimate labs: AAA Lab. Answers Part 3: TACACS & RADIUS configuration.', 'labels': ['lifestyle'], 'scores': [0.00577959418296814]}","{'sequence': 'Cisco CCNA Packet Tracer Ultimate labs: AAA Lab. Answers Part 3: TACACS & RADIUS configuration.', 'labels': ['education'], 'scores': [0.05561729520559311]}"
26,3866,REAL LIFE example!! (TCP/IP and OSI layers) // FREE CCNA // EP 4,NetworkChuck,"['real', 'life', 'example', 'tcp', 'ip', 'osi', 'layer', 'free', 'ccna', 'ep']",1,1.0,,,,"{'sequence': 'REAL LIFE example!! (TCP/IP and OSI layers) // FREE CCNA // EP 4', 'labels': ['coding'], 'scores': [0.04132189229130745]}","{'sequence': 'REAL LIFE example!! (TCP/IP and OSI layers) // FREE CCNA // EP 4', 'labels': ['productivity'], 'scores': [0.028302231803536415]}","{'sequence': 'REAL LIFE example!! (TCP/IP and OSI layers) // FREE CCNA // EP 4', 'labels': ['lifestyle'], 'scores': [0.9620589017868042]}","{'sequence': 'REAL LIFE example!! (TCP/IP and OSI layers) // FREE CCNA // EP 4', 'labels': ['education'], 'scores': [0.001972381491214037]}"
27,4937,HOW Would TikTok Be Blocked in the US (Technical Details),Hussein Nasser,"['tiktok', 'block', 'technical', 'details']",1,,,,1.0,"{'sequence': 'HOW Would TikTok Be Blocked in the US (Technical Details)', 'labels': ['coding'], 'scores': [0.4384815990924835]}","{'sequence': 'HOW Would TikTok Be Blocked in the US (Technical Details)', 'labels': ['productivity'], 'scores': [0.2643873989582062]}","{'sequence': 'HOW Would TikTok Be Blocked in the US (Technical Details)', 'labels': ['lifestyle'], 'scores': [0.013463514856994152]}","{'sequence': 'HOW Would TikTok Be Blocked in the US (Technical Details)', 'labels': ['education'], 'scores': [0.01654745079576969]}"
28,11696,Testing Every BT21 Stationery Product,AmandaRachLee,"['test', 'stationery', 'product']",1,,,1.0,,"{'sequence': 'Testing Every BT21 Stationery Product', 'labels': ['coding'], 'scores': [0.0011555387172847986]}","{'sequence': 'Testing Every BT21 Stationery Product', 'labels': ['productivity'], 'scores': [0.5370028018951416]}","{'sequence': 'Testing Every BT21 Stationery Product', 'labels': ['lifestyle'], 'scores': [0.0003381460264790803]}","{'sequence': 'Testing Every BT21 Stationery Product', 'labels': ['education'], 'scores': [0.0038681868463754654]}"
29,8389,The NEW CCNA Explained!,David Bombal,"['new', 'ccna', 'explain']",1,1.0,,,,"{'sequence': 'The NEW CCNA Explained!', 'labels': ['coding'], 'scores': [0.5504761934280396]}","{'sequence': 'The NEW CCNA Explained!', 'labels': ['productivity'], 'scores': [0.17679819464683533]}","{'sequence': 'The NEW CCNA Explained!', 'labels': ['lifestyle'], 'scores': [0.2993089258670807]}","{'sequence': 'The NEW CCNA Explained!', 'labels': ['education'], 'scores': [0.6502084136009216]}"
30,15632,JOURNALING FOR MEN ‚ö°Ô∏è3 Reasons DUDES Must Keep A Journal,Clark Kegley,"['journale', 'men', 'reason', 'dudes', 'journal']",1,,,1.0,,"{'sequence': 'JOURNALING FOR MEN ‚ö°Ô∏è3 Reasons DUDES Must Keep A Journal', 'labels': ['coding'], 'scores': [0.0013767931377515197]}","{'sequence': 'JOURNALING FOR MEN ‚ö°Ô∏è3 Reasons DUDES Must Keep A Journal', 'labels': ['productivity'], 'scores': [0.21386267244815826]}","{'sequence': 'JOURNALING FOR MEN ‚ö°Ô∏è3 Reasons DUDES Must Keep A Journal', 'labels': ['lifestyle'], 'scores': [0.08160089701414108]}","{'sequence': 'JOURNALING FOR MEN ‚ö°Ô∏è3 Reasons DUDES Must Keep A Journal', 'labels': ['education'], 'scores': [0.021837938576936722]}"
31,13,How to save a half-wasted dayü•≤,Tina Huang,"['save', 'waste']",1,,1.0,,,"{'sequence': 'How to save a half-wasted dayü•≤', 'labels': ['coding'], 'scores': [0.10738398879766464]}","{'sequence': 'How to save a half-wasted dayü•≤', 'labels': ['productivity'], 'scores': [0.4358821511268616]}","{'sequence': 'How to save a half-wasted dayü•≤', 'labels': ['lifestyle'], 'scores': [0.28211909532546997]}","{'sequence': 'How to save a half-wasted dayü•≤', 'labels': ['education'], 'scores': [0.11107950657606125]}"
32,10797,FINALLY! Properly Present Your Power BI Dashboard in PowerPoint (keep the interactivity),Leila Gharani,"['finally', 'present', 'power', 'bi', 'dashboard', 'powerpoint', 'interactivity']",1,1.0,,,,"{'sequence': 'FINALLY! Properly Present Your Power BI Dashboard in PowerPoint (keep the interactivity)', 'labels': ['coding'], 'scores': [0.0023203925229609013]}","{'sequence': 'FINALLY! Properly Present Your Power BI Dashboard in PowerPoint (keep the interactivity)', 'labels': ['productivity'], 'scores': [0.40438181161880493]}","{'sequence': 'FINALLY! Properly Present Your Power BI Dashboard in PowerPoint (keep the interactivity)', 'labels': ['lifestyle'], 'scores': [0.07440660148859024]}","{'sequence': 'FINALLY! Properly Present Your Power BI Dashboard in PowerPoint (keep the interactivity)', 'labels': ['education'], 'scores': [0.04722436144948006]}"
33,11711,My 2019 Bullet Journal Setup,AmandaRachLee,"['bullet', 'journal', 'setup']",1,,,1.0,,"{'sequence': 'My 2019 Bullet Journal Setup', 'labels': ['coding'], 'scores': [0.0014843444805592299]}","{'sequence': 'My 2019 Bullet Journal Setup', 'labels': ['productivity'], 'scores': [0.8701635599136353]}","{'sequence': 'My 2019 Bullet Journal Setup', 'labels': ['lifestyle'], 'scores': [0.45879682898521423]}","{'sequence': 'My 2019 Bullet Journal Setup', 'labels': ['education'], 'scores': [0.02592434361577034]}"
34,9231,Digital Networking Video Part 2,David Bombal,"['digital', 'networking', 'video']",1,1.0,,,,"{'sequence': 'Digital Networking Video Part 2', 'labels': ['coding'], 'scores': [0.0021131287794560194]}","{'sequence': 'Digital Networking Video Part 2', 'labels': ['productivity'], 'scores': [0.0067895082756876945]}","{'sequence': 'Digital Networking Video Part 2', 'labels': ['lifestyle'], 'scores': [0.0005813907482661307]}","{'sequence': 'Digital Networking Video Part 2', 'labels': ['education'], 'scores': [0.0004914012388326228]}"
35,8689,Cisco CCNA Packet Tracer Ultimate labs: ACL Lab 1 (access lists): Answers to the lab (Part 1).,David Bombal,"['cisco', 'ccna', 'packet', 'tracer', 'ultimate', 'lab', 'acl', 'lab', 'access', 'list', 'answer', 'lab']",1,1.0,,,,"{'sequence': 'Cisco CCNA Packet Tracer Ultimate labs: ACL Lab 1 (access lists): Answers to the lab (Part 1).', 'labels': ['coding'], 'scores': [0.16576728224754333]}","{'sequence': 'Cisco CCNA Packet Tracer Ultimate labs: ACL Lab 1 (access lists): Answers to the lab (Part 1).', 'labels': ['productivity'], 'scores': [0.1588393747806549]}","{'sequence': 'Cisco CCNA Packet Tracer Ultimate labs: ACL Lab 1 (access lists): Answers to the lab (Part 1).', 'labels': ['lifestyle'], 'scores': [0.006602225359529257]}","{'sequence': 'Cisco CCNA Packet Tracer Ultimate labs: ACL Lab 1 (access lists): Answers to the lab (Part 1).', 'labels': ['education'], 'scores': [0.26958486437797546]}"
36,14271,Plan With Me: November 2021,Lavendaire,"['plan', 'november']",1,,,1.0,,"{'sequence': 'Plan With Me: November 2021', 'labels': ['coding'], 'scores': [0.06225079670548439]}","{'sequence': 'Plan With Me: November 2021', 'labels': ['productivity'], 'scores': [0.48753997683525085]}","{'sequence': 'Plan With Me: November 2021', 'labels': ['lifestyle'], 'scores': [0.717575192451477]}","{'sequence': 'Plan With Me: November 2021', 'labels': ['education'], 'scores': [0.3371768593788147]}"
37,6020,"Off-By-One Error | ""Titled Troop"" TJCTF 2018",John Hammond,"['error', 'titled', 'troop', 'tjctf']",1,1.0,,,,"{'sequence': 'Off-By-One Error | ""Titled Troop"" TJCTF 2018', 'labels': ['coding'], 'scores': [0.663070023059845]}","{'sequence': 'Off-By-One Error | ""Titled Troop"" TJCTF 2018', 'labels': ['productivity'], 'scores': [0.00432395376265049]}","{'sequence': 'Off-By-One Error | ""Titled Troop"" TJCTF 2018', 'labels': ['lifestyle'], 'scores': [0.0455709770321846]}","{'sequence': 'Off-By-One Error | ""Titled Troop"" TJCTF 2018', 'labels': ['education'], 'scores': [0.12106430530548096]}"
38,10766,november 26 - december 7 üçÅ study with me,studyquill,"['november', 'december', 'study']",1,,1.0,1.0,,"{'sequence': 'november 26 - december 7 üçÅ study with me', 'labels': ['coding'], 'scores': [0.22867628931999207]}","{'sequence': 'november 26 - december 7 üçÅ study with me', 'labels': ['productivity'], 'scores': [0.31411898136138916]}","{'sequence': 'november 26 - december 7 üçÅ study with me', 'labels': ['lifestyle'], 'scores': [0.21704842150211334]}","{'sequence': 'november 26 - december 7 üçÅ study with me', 'labels': ['education'], 'scores': [0.9339374303817749]}"
39,10772,How To Study Math,studyquill,"['study', 'math']",1,,,,1.0,"{'sequence': 'How To Study Math', 'labels': ['coding'], 'scores': [9.051865345099941e-05]}","{'sequence': 'How To Study Math', 'labels': ['productivity'], 'scores': [0.00026124302530661225]}","{'sequence': 'How To Study Math', 'labels': ['lifestyle'], 'scores': [5.348657941794954e-05]}","{'sequence': 'How To Study Math', 'labels': ['education'], 'scores': [0.0003895536356139928]}"
40,9946,Database Model Queries  | Django (3.0)  Crash Course Tutorials (pt 7),Dennis Ivy,"['database', 'model', 'queries', 'django', 'crash', 'course', 'tutorials', 'pt']",2,1.0,,,,"{'sequence': 'Database Model Queries  | Django (3.0)  Crash Course Tutorials (pt 7)', 'labels': ['coding'], 'scores': [0.6877902746200562]}","{'sequence': 'Database Model Queries  | Django (3.0)  Crash Course Tutorials (pt 7)', 'labels': ['productivity'], 'scores': [0.04055443033576012]}","{'sequence': 'Database Model Queries  | Django (3.0)  Crash Course Tutorials (pt 7)', 'labels': ['lifestyle'], 'scores': [0.00040882284520193934]}","{'sequence': 'Database Model Queries  | Django (3.0)  Crash Course Tutorials (pt 7)', 'labels': ['education'], 'scores': [0.009166057221591473]}"
41,9295,"ipad air unboxing ü§©üíú | new ipad air setup, purple ipad air, aesthetic! #Shorts",maisyleigh,"['ipad', 'air', 'unboxing', 'new', 'ipad', 'air', 'setup', 'purple', 'ipad', 'air', 'aesthetic', 'short']",2,,,1.0,,"{'sequence': 'ipad air unboxing ü§©üíú | new ipad air setup, purple ipad air, aesthetic! #Shorts', 'labels': ['coding'], 'scores': [0.0026036989875137806]}","{'sequence': 'ipad air unboxing ü§©üíú | new ipad air setup, purple ipad air, aesthetic! #Shorts', 'labels': ['productivity'], 'scores': [0.018539076671004295]}","{'sequence': 'ipad air unboxing ü§©üíú | new ipad air setup, purple ipad air, aesthetic! #Shorts', 'labels': ['lifestyle'], 'scores': [0.8397639393806458]}","{'sequence': 'ipad air unboxing ü§©üíú | new ipad air setup, purple ipad air, aesthetic! #Shorts', 'labels': ['education'], 'scores': [0.040318720042705536]}"
42,15425,Apple AirPods Pro Unboxing & First Impressions  | Watch before buying,Andres Vidoza,"['apple', 'airpods', 'pro', 'unboxing', 'impressions', 'watch', 'buy']",2,,,1.0,,"{'sequence': 'Apple AirPods Pro Unboxing & First Impressions  | Watch before buying', 'labels': ['coding'], 'scores': [0.003373929997906089]}","{'sequence': 'Apple AirPods Pro Unboxing & First Impressions  | Watch before buying', 'labels': ['productivity'], 'scores': [0.36890843510627747]}","{'sequence': 'Apple AirPods Pro Unboxing & First Impressions  | Watch before buying', 'labels': ['lifestyle'], 'scores': [0.374549001455307]}","{'sequence': 'Apple AirPods Pro Unboxing & First Impressions  | Watch before buying', 'labels': ['education'], 'scores': [0.31256210803985596]}"
43,8793,GNS3 VM integration using VMware Workstation Player and the GNS3 GUI. Free virtualization (Part 1),David Bombal,"['vm', 'integration', 'vmware', 'workstation', 'player', 'gui', 'free', 'virtualization']",2,1.0,,,,"{'sequence': 'GNS3 VM integration using VMware Workstation Player and the GNS3 GUI. Free virtualization (Part 1)', 'labels': ['coding'], 'scores': [0.006269398145377636]}","{'sequence': 'GNS3 VM integration using VMware Workstation Player and the GNS3 GUI. Free virtualization (Part 1)', 'labels': ['productivity'], 'scores': [0.2201288342475891]}","{'sequence': 'GNS3 VM integration using VMware Workstation Player and the GNS3 GUI. Free virtualization (Part 1)', 'labels': ['lifestyle'], 'scores': [0.05219918116927147]}","{'sequence': 'GNS3 VM integration using VMware Workstation Player and the GNS3 GUI. Free virtualization (Part 1)', 'labels': ['education'], 'scores': [0.014543860219419003]}"
44,916,iWOWNfit i6HRC Fitness Tracker - Comprehensive Review,Kevin Stratvert,"['iwownfit', 'fitness', 'tracker', 'comprehensive', 'review']",2,,,1.0,,"{'sequence': 'iWOWNfit i6HRC Fitness Tracker - Comprehensive Review', 'labels': ['coding'], 'scores': [0.04518665000796318]}","{'sequence': 'iWOWNfit i6HRC Fitness Tracker - Comprehensive Review', 'labels': ['productivity'], 'scores': [0.08535966277122498]}","{'sequence': 'iWOWNfit i6HRC Fitness Tracker - Comprehensive Review', 'labels': ['lifestyle'], 'scores': [0.10628122091293335]}","{'sequence': 'iWOWNfit i6HRC Fitness Tracker - Comprehensive Review', 'labels': ['education'], 'scores': [0.0013724631862714887]}"
45,14948,HTC Phones - From Biggest Smartphone Maker to Nothing!,ColdFusion,"['htc', 'phones', 'big', 'smartphone', 'maker']",2,,,,1.0,"{'sequence': 'HTC Phones - From Biggest Smartphone Maker to Nothing!', 'labels': ['coding'], 'scores': [0.01542687602341175]}","{'sequence': 'HTC Phones - From Biggest Smartphone Maker to Nothing!', 'labels': ['productivity'], 'scores': [0.4252278506755829]}","{'sequence': 'HTC Phones - From Biggest Smartphone Maker to Nothing!', 'labels': ['lifestyle'], 'scores': [0.03546726703643799]}","{'sequence': 'HTC Phones - From Biggest Smartphone Maker to Nothing!', 'labels': ['education'], 'scores': [0.0008586958865635097]}"
46,480,ü§ñ How to use Microsoft AI Builder to Extract Data from PDF,Kevin Stratvert,"['use', 'microsoft', 'ai', 'builder', 'extract', 'data', 'pdf']",2,1.0,,,,"{'sequence': 'ü§ñ How to use Microsoft AI Builder to Extract Data from PDF', 'labels': ['coding'], 'scores': [0.07541536539793015]}","{'sequence': 'ü§ñ How to use Microsoft AI Builder to Extract Data from PDF', 'labels': ['productivity'], 'scores': [0.5665315985679626]}","{'sequence': 'ü§ñ How to use Microsoft AI Builder to Extract Data from PDF', 'labels': ['lifestyle'], 'scores': [0.09656129777431488]}","{'sequence': 'ü§ñ How to use Microsoft AI Builder to Extract Data from PDF', 'labels': ['education'], 'scores': [0.053296033293008804]}"
47,571,üÜì How to Get Windows 10 for FREE,Kevin Stratvert,"['windows', 'free']",2,,,,1.0,"{'sequence': 'üÜì How to Get Windows 10 for FREE', 'labels': ['coding'], 'scores': [0.03284445405006409]}","{'sequence': 'üÜì How to Get Windows 10 for FREE', 'labels': ['productivity'], 'scores': [0.39756277203559875]}","{'sequence': 'üÜì How to Get Windows 10 for FREE', 'labels': ['lifestyle'], 'scores': [0.015552560798823833]}","{'sequence': 'üÜì How to Get Windows 10 for FREE', 'labels': ['education'], 'scores': [0.005813630763441324]}"
48,6858,"Blitz.js, - The Fullstack React Framework For the JAMstack",James Q Quick,"['fullstack', 'react', 'framework', 'jamstack']",2,1.0,,,,"{'sequence': 'Blitz.js, - The Fullstack React Framework For the JAMstack', 'labels': ['coding'], 'scores': [0.5311487913131714]}","{'sequence': 'Blitz.js, - The Fullstack React Framework For the JAMstack', 'labels': ['productivity'], 'scores': [0.3288121819496155]}","{'sequence': 'Blitz.js, - The Fullstack React Framework For the JAMstack', 'labels': ['lifestyle'], 'scores': [0.07151183485984802]}","{'sequence': 'Blitz.js, - The Fullstack React Framework For the JAMstack', 'labels': ['education'], 'scores': [0.033433981239795685]}"
49,3595,"How to Make Money Online: Email Marketing Tips We Used to Make $100,000+",Noah Kagan,"['money', 'online', 'email', 'marketing', 'tips']",2,,,1.0,,"{'sequence': 'How to Make Money Online: Email Marketing Tips We Used to Make $100,000+', 'labels': ['coding'], 'scores': [0.0006360263214446604]}","{'sequence': 'How to Make Money Online: Email Marketing Tips We Used to Make $100,000+', 'labels': ['productivity'], 'scores': [0.1564854383468628]}","{'sequence': 'How to Make Money Online: Email Marketing Tips We Used to Make $100,000+', 'labels': ['lifestyle'], 'scores': [0.005060762632638216]}","{'sequence': 'How to Make Money Online: Email Marketing Tips We Used to Make $100,000+', 'labels': ['education'], 'scores': [0.0002772337757050991]}"
50,4793,"The Road to QUIC - what‚Äôs wrong w/  HTTP/1.1, HTTP/2, HTTP Pipelining, CRIME, HTTP/2 HOL, HPACK",Hussein Nasser,"['road', 'quic', 'wrong', 'http', 'pipelining', 'crime', 'hol', 'hpack']",2,1.0,,,,"{'sequence': 'The Road to QUIC - what‚Äôs wrong w/  HTTP/1.1, HTTP/2, HTTP Pipelining, CRIME, HTTP/2 HOL, HPACK', 'labels': ['coding'], 'scores': [0.21305197477340698]}","{'sequence': 'The Road to QUIC - what‚Äôs wrong w/  HTTP/1.1, HTTP/2, HTTP Pipelining, CRIME, HTTP/2 HOL, HPACK', 'labels': ['productivity'], 'scores': [0.012029999867081642]}","{'sequence': 'The Road to QUIC - what‚Äôs wrong w/  HTTP/1.1, HTTP/2, HTTP Pipelining, CRIME, HTTP/2 HOL, HPACK', 'labels': ['lifestyle'], 'scores': [0.0013931990833953023]}","{'sequence': 'The Road to QUIC - what‚Äôs wrong w/  HTTP/1.1, HTTP/2, HTTP Pipelining, CRIME, HTTP/2 HOL, HPACK', 'labels': ['education'], 'scores': [0.013254114426672459]}"
51,9629,I Left AlgoExpert,Cl√©ment Mihailescu,"['leave', 'algoexpert']",2,,,1.0,,"{'sequence': 'I Left AlgoExpert', 'labels': ['coding'], 'scores': [0.17257080972194672]}","{'sequence': 'I Left AlgoExpert', 'labels': ['productivity'], 'scores': [0.0919838398694992]}","{'sequence': 'I Left AlgoExpert', 'labels': ['lifestyle'], 'scores': [0.09932173788547516]}","{'sequence': 'I Left AlgoExpert', 'labels': ['education'], 'scores': [0.03888703137636185]}"
52,10161,Make an awesome Project Management Dashboard with Excel (Free download ~ Part 1),Chandoo,"['awesome', 'project', 'management', 'dashboard', 'excel', 'free', 'download']",2,,,,1.0,"{'sequence': 'Make an awesome Project Management Dashboard with Excel (Free download ~ Part 1)', 'labels': ['coding'], 'scores': [0.0011269808746874332]}","{'sequence': 'Make an awesome Project Management Dashboard with Excel (Free download ~ Part 1)', 'labels': ['productivity'], 'scores': [0.022548368200659752]}","{'sequence': 'Make an awesome Project Management Dashboard with Excel (Free download ~ Part 1)', 'labels': ['lifestyle'], 'scores': [0.00017360466881655157]}","{'sequence': 'Make an awesome Project Management Dashboard with Excel (Free download ~ Part 1)', 'labels': ['education'], 'scores': [0.00011159246787428856]}"
53,7939,Is Email Marketing Dead? The Truth About Email Marketing,Aurelius Tjin,"['email', 'marketing', 'dead', 'truth', 'email', 'marketing']",2,,,,1.0,"{'sequence': 'Is Email Marketing Dead? The Truth About Email Marketing', 'labels': ['coding'], 'scores': [0.013245148584246635]}","{'sequence': 'Is Email Marketing Dead? The Truth About Email Marketing', 'labels': ['productivity'], 'scores': [0.043740276247262955]}","{'sequence': 'Is Email Marketing Dead? The Truth About Email Marketing', 'labels': ['lifestyle'], 'scores': [0.0060868109576404095]}","{'sequence': 'Is Email Marketing Dead? The Truth About Email Marketing', 'labels': ['education'], 'scores': [0.6976355910301208]}"
54,2866,Speaking on Live TV - Cambridge University medical student VLOG #10,Ali Abdaal,"['speak', 'live', 'tv', 'cambridge', 'university', 'medical', 'student', 'vlog']",2,,,1.0,1.0,"{'sequence': 'Speaking on Live TV - Cambridge University medical student VLOG #10', 'labels': ['coding'], 'scores': [0.00032500093220733106]}","{'sequence': 'Speaking on Live TV - Cambridge University medical student VLOG #10', 'labels': ['productivity'], 'scores': [0.09238874167203903]}","{'sequence': 'Speaking on Live TV - Cambridge University medical student VLOG #10', 'labels': ['lifestyle'], 'scores': [0.014994507655501366]}","{'sequence': 'Speaking on Live TV - Cambridge University medical student VLOG #10', 'labels': ['education'], 'scores': [0.37328875064849854]}"
55,2798,Final year exam results - Cambridge University medical student VLOG #39,Ali Abdaal,"['final', 'year', 'exam', 'result', 'cambridge', 'university', 'medical', 'student', 'vlog']",2,,,1.0,1.0,"{'sequence': 'Final year exam results - Cambridge University medical student VLOG #39', 'labels': ['coding'], 'scores': [0.00043751197517849505]}","{'sequence': 'Final year exam results - Cambridge University medical student VLOG #39', 'labels': ['productivity'], 'scores': [0.002247507916763425]}","{'sequence': 'Final year exam results - Cambridge University medical student VLOG #39', 'labels': ['lifestyle'], 'scores': [0.00033618390443734825]}","{'sequence': 'Final year exam results - Cambridge University medical student VLOG #39', 'labels': ['education'], 'scores': [0.9037632942199707]}"
56,671,How to use Tasks in Microsoft Teams (To Do + Planner),Kevin Stratvert,"['use', 'task', 'microsoft', 'teams', 'planner']",2,,,,1.0,"{'sequence': 'How to use Tasks in Microsoft Teams (To Do + Planner)', 'labels': ['coding'], 'scores': [0.011654096655547619]}","{'sequence': 'How to use Tasks in Microsoft Teams (To Do + Planner)', 'labels': ['productivity'], 'scores': [0.8985062837600708]}","{'sequence': 'How to use Tasks in Microsoft Teams (To Do + Planner)', 'labels': ['lifestyle'], 'scores': [0.0017409136053174734]}","{'sequence': 'How to use Tasks in Microsoft Teams (To Do + Planner)', 'labels': ['education'], 'scores': [0.005756499711424112]}"
57,5417,Best Laptops for Programming in 2021,Aaron Jack / Freemote,"['good', 'laptop', 'programming']",2,,,1.0,,"{'sequence': 'Best Laptops for Programming in 2021', 'labels': ['coding'], 'scores': [0.8393950462341309]}","{'sequence': 'Best Laptops for Programming in 2021', 'labels': ['productivity'], 'scores': [0.06874089688062668]}","{'sequence': 'Best Laptops for Programming in 2021', 'labels': ['lifestyle'], 'scores': [0.001616384950466454]}","{'sequence': 'Best Laptops for Programming in 2021', 'labels': ['education'], 'scores': [0.00022393431572709233]}"
58,2899,The Children's Surgical Centre (Cambodia) - Cambridge Medial Elective #02,Ali Abdaal,"['children', 'surgical', 'centre', 'cambodia', 'cambridge', 'medial', 'elective']",2,,,1.0,,"{'sequence': ""The Children's Surgical Centre (Cambodia) - Cambridge Medial Elective #02"", 'labels': ['coding'], 'scores': [0.011568013578653336]}","{'sequence': ""The Children's Surgical Centre (Cambodia) - Cambridge Medial Elective #02"", 'labels': ['productivity'], 'scores': [0.011179659515619278]}","{'sequence': ""The Children's Surgical Centre (Cambodia) - Cambridge Medial Elective #02"", 'labels': ['lifestyle'], 'scores': [0.00026623313897289336]}","{'sequence': ""The Children's Surgical Centre (Cambodia) - Cambridge Medial Elective #02"", 'labels': ['education'], 'scores': [0.00038590855547226965]}"
59,10104,How Jo uses Small Multiples to impress her boss (Power BI Trick ‚ö°),Chandoo,"['jo', 'use', 'small', 'multiples', 'impress', 'boss', 'power', 'bi', 'trick']",2,,,,1.0,"{'sequence': 'How Jo uses Small Multiples to impress her boss (Power BI Trick ‚ö°)', 'labels': ['coding'], 'scores': [0.059201680123806]}","{'sequence': 'How Jo uses Small Multiples to impress her boss (Power BI Trick ‚ö°)', 'labels': ['productivity'], 'scores': [0.7579919695854187]}","{'sequence': 'How Jo uses Small Multiples to impress her boss (Power BI Trick ‚ö°)', 'labels': ['lifestyle'], 'scores': [0.02192607894539833]}","{'sequence': 'How Jo uses Small Multiples to impress her boss (Power BI Trick ‚ö°)', 'labels': ['education'], 'scores': [0.0017542801797389984]}"
60,4696,How Postgres VACUUM can Speed up Queries #shorts,Hussein Nasser,"['postgres', 'vacuum', 'speed', 'query', 'short']",3,1.0,,,,"{'sequence': 'How Postgres VACUUM can Speed up Queries #shorts', 'labels': ['coding'], 'scores': [0.05720118433237076]}","{'sequence': 'How Postgres VACUUM can Speed up Queries #shorts', 'labels': ['productivity'], 'scores': [0.844510555267334]}","{'sequence': 'How Postgres VACUUM can Speed up Queries #shorts', 'labels': ['lifestyle'], 'scores': [0.021983537822961807]}","{'sequence': 'How Postgres VACUUM can Speed up Queries #shorts', 'labels': ['education'], 'scores': [0.007762579247355461]}"
61,10396,Dynamic Dashboard using Excel - a Tutorial,Chandoo,"['dynamic', 'dashboard', 'excel', 'tutorial']",3,,,,1.0,"{'sequence': 'Dynamic Dashboard using Excel - a Tutorial', 'labels': ['coding'], 'scores': [0.05158238485455513]}","{'sequence': 'Dynamic Dashboard using Excel - a Tutorial', 'labels': ['productivity'], 'scores': [0.4687444865703583]}","{'sequence': 'Dynamic Dashboard using Excel - a Tutorial', 'labels': ['lifestyle'], 'scores': [0.0979306623339653]}","{'sequence': 'Dynamic Dashboard using Excel - a Tutorial', 'labels': ['education'], 'scores': [0.17575563490390778]}"
62,11997,Fidelity INDEX FUNDS for BEGINNERS [Step by Step Tutorial],Vincent Chan,"['fidelity', 'index', 'fund', 'beginner', 'step', 'step', 'tutorial']",3,,,,1.0,"{'sequence': 'Fidelity INDEX FUNDS for BEGINNERS [Step by Step Tutorial]', 'labels': ['coding'], 'scores': [0.05814821273088455]}","{'sequence': 'Fidelity INDEX FUNDS for BEGINNERS [Step by Step Tutorial]', 'labels': ['productivity'], 'scores': [0.1299421340227127]}","{'sequence': 'Fidelity INDEX FUNDS for BEGINNERS [Step by Step Tutorial]', 'labels': ['lifestyle'], 'scores': [0.014712639153003693]}","{'sequence': 'Fidelity INDEX FUNDS for BEGINNERS [Step by Step Tutorial]', 'labels': ['education'], 'scores': [0.21853287518024445]}"
63,6526,Batch 64 Minimum Function,John Hammond,"['batch', 'minimum', 'function']",3,1.0,,,,"{'sequence': 'Batch 64 Minimum Function', 'labels': ['coding'], 'scores': [0.9167113900184631]}","{'sequence': 'Batch 64 Minimum Function', 'labels': ['productivity'], 'scores': [0.2826530337333679]}","{'sequence': 'Batch 64 Minimum Function', 'labels': ['lifestyle'], 'scores': [0.018209068104624748]}","{'sequence': 'Batch 64 Minimum Function', 'labels': ['education'], 'scores': [0.042474400252103806]}"
64,10194,How to get Grand Totals on Top for Excel Pivot Tables?,Chandoo,"['grand', 'total', 'excel', 'pivot', 'tables']",3,,,,1.0,"{'sequence': 'How to get Grand Totals on Top for Excel Pivot Tables?', 'labels': ['coding'], 'scores': [0.31538110971450806]}","{'sequence': 'How to get Grand Totals on Top for Excel Pivot Tables?', 'labels': ['productivity'], 'scores': [0.3873905539512634]}","{'sequence': 'How to get Grand Totals on Top for Excel Pivot Tables?', 'labels': ['lifestyle'], 'scores': [0.004624990746378899]}","{'sequence': 'How to get Grand Totals on Top for Excel Pivot Tables?', 'labels': ['education'], 'scores': [0.0589020662009716]}"
65,14521,Moving & Cooking in my New Apartment! üç≥,Lavendaire,"['moving', 'cooking', 'new', 'apartment']",3,,,1.0,,"{'sequence': 'Moving & Cooking in my New Apartment! üç≥', 'labels': ['coding'], 'scores': [0.000599315797444433]}","{'sequence': 'Moving & Cooking in my New Apartment! üç≥', 'labels': ['productivity'], 'scores': [0.7745164632797241]}","{'sequence': 'Moving & Cooking in my New Apartment! üç≥', 'labels': ['lifestyle'], 'scores': [0.9774566888809204]}","{'sequence': 'Moving & Cooking in my New Apartment! üç≥', 'labels': ['education'], 'scores': [0.00042332368320785463]}"
66,6443,Python [curses] 11 Window Background,John Hammond,"['python', 'curse', 'window', 'background']",3,1.0,,,,"{'sequence': 'Python [curses] 11 Window Background', 'labels': ['coding'], 'scores': [0.9724464416503906]}","{'sequence': 'Python [curses] 11 Window Background', 'labels': ['productivity'], 'scores': [0.034379031509160995]}","{'sequence': 'Python [curses] 11 Window Background', 'labels': ['lifestyle'], 'scores': [0.03125067427754402]}","{'sequence': 'Python [curses] 11 Window Background', 'labels': ['education'], 'scores': [0.004273615311831236]}"
67,1884,How to Build and Improve Logical Thinking in Coding,Tiff In Tech,"['build', 'improve', 'logical', 'thinking', 'coding']",3,,,,1.0,"{'sequence': 'How to Build and Improve Logical Thinking in Coding', 'labels': ['coding'], 'scores': [0.8946534395217896]}","{'sequence': 'How to Build and Improve Logical Thinking in Coding', 'labels': ['productivity'], 'scores': [0.10639318823814392]}","{'sequence': 'How to Build and Improve Logical Thinking in Coding', 'labels': ['lifestyle'], 'scores': [0.0011690608225762844]}","{'sequence': 'How to Build and Improve Logical Thinking in Coding', 'labels': ['education'], 'scores': [0.0013741996372118592]}"
68,10186,Awesome Power Query example - Calendar data to table format üìÖ‚û°üìÑ,Chandoo,"['awesome', 'power', 'query', 'example', 'calendar', 'datum', 'table', 'format']",3,1.0,,,,"{'sequence': 'Awesome Power Query example - Calendar data to table format üìÖ‚û°üìÑ', 'labels': ['coding'], 'scores': [0.0217061135917902]}","{'sequence': 'Awesome Power Query example - Calendar data to table format üìÖ‚û°üìÑ', 'labels': ['productivity'], 'scores': [0.027111737057566643]}","{'sequence': 'Awesome Power Query example - Calendar data to table format üìÖ‚û°üìÑ', 'labels': ['lifestyle'], 'scores': [0.00015810369222890586]}","{'sequence': 'Awesome Power Query example - Calendar data to table format üìÖ‚û°üìÑ', 'labels': ['education'], 'scores': [0.0002590722288005054]}"
69,13920,Streamlit 101 - How to clone and reproduce a Streamlit web app from SCRATCH,Data Professor,"['streamlit', 'clone', 'reproduce', 'streamlit', 'web', 'app', 'scratch']",3,1.0,,,,"{'sequence': 'Streamlit 101 - How to clone and reproduce a Streamlit web app from SCRATCH', 'labels': ['coding'], 'scores': [0.19575221836566925]}","{'sequence': 'Streamlit 101 - How to clone and reproduce a Streamlit web app from SCRATCH', 'labels': ['productivity'], 'scores': [0.1432647556066513]}","{'sequence': 'Streamlit 101 - How to clone and reproduce a Streamlit web app from SCRATCH', 'labels': ['lifestyle'], 'scores': [0.0063997553661465645]}","{'sequence': 'Streamlit 101 - How to clone and reproduce a Streamlit web app from SCRATCH', 'labels': ['education'], 'scores': [0.9116688370704651]}"
70,6816,Quokka.js VS Code Extension - The Fastest Way to Test JavaScript,James Q Quick,"['vs', 'code', 'extension', 'fast', 'way', 'test', 'javascript']",3,1.0,,,,"{'sequence': 'Quokka.js VS Code Extension - The Fastest Way to Test JavaScript', 'labels': ['coding'], 'scores': [0.6826753616333008]}","{'sequence': 'Quokka.js VS Code Extension - The Fastest Way to Test JavaScript', 'labels': ['productivity'], 'scores': [0.719845175743103]}","{'sequence': 'Quokka.js VS Code Extension - The Fastest Way to Test JavaScript', 'labels': ['lifestyle'], 'scores': [0.4709993898868561]}","{'sequence': 'Quokka.js VS Code Extension - The Fastest Way to Test JavaScript', 'labels': ['education'], 'scores': [0.05222630500793457]}"
71,264,How I'd Learn to Code RIGHT NOW (If I Started from Scratch),Andy Sterkowitz,"['learn', 'code', 'start', 'scratch']",3,,1.0,,,"{'sequence': ""How I'd Learn to Code RIGHT NOW (If I Started from Scratch)"", 'labels': ['coding'], 'scores': [0.944460928440094]}","{'sequence': ""How I'd Learn to Code RIGHT NOW (If I Started from Scratch)"", 'labels': ['productivity'], 'scores': [0.31531259417533875]}","{'sequence': ""How I'd Learn to Code RIGHT NOW (If I Started from Scratch)"", 'labels': ['lifestyle'], 'scores': [0.006148222833871841]}","{'sequence': ""How I'd Learn to Code RIGHT NOW (If I Started from Scratch)"", 'labels': ['education'], 'scores': [0.034694407135248184]}"
72,7605,From design to code - HTML & CSS tutorial [ part two ],Kevin Powell,"['design', 'code', 'html', 'css', 'tutorial']",3,1.0,,,,"{'sequence': 'From design to code - HTML & CSS tutorial [ part two ]', 'labels': ['coding'], 'scores': [0.9696835875511169]}","{'sequence': 'From design to code - HTML & CSS tutorial [ part two ]', 'labels': ['productivity'], 'scores': [0.013574544340372086]}","{'sequence': 'From design to code - HTML & CSS tutorial [ part two ]', 'labels': ['lifestyle'], 'scores': [0.0013593387557193637]}","{'sequence': 'From design to code - HTML & CSS tutorial [ part two ]', 'labels': ['education'], 'scores': [0.006544687319546938]}"
73,6991,Github Pull Requests Extension for Visual Studio Code,James Q Quick,"['github', 'pull', 'request', 'extension', 'visual', 'studio', 'code']",3,1.0,,,,"{'sequence': 'Github Pull Requests Extension for Visual Studio Code', 'labels': ['coding'], 'scores': [0.8070295453071594]}","{'sequence': 'Github Pull Requests Extension for Visual Studio Code', 'labels': ['productivity'], 'scores': [0.5807180404663086]}","{'sequence': 'Github Pull Requests Extension for Visual Studio Code', 'labels': ['lifestyle'], 'scores': [0.28427690267562866]}","{'sequence': 'Github Pull Requests Extension for Visual Studio Code', 'labels': ['education'], 'scores': [0.026421964168548584]}"
74,7461,There is a way to overlap grid-template-areas!,Kevin Powell,"['way', 'overlap', 'grid', 'template', 'area']",3,1.0,,,,"{'sequence': 'There is a way to overlap grid-template-areas!', 'labels': ['coding'], 'scores': [0.8009396195411682]}","{'sequence': 'There is a way to overlap grid-template-areas!', 'labels': ['productivity'], 'scores': [0.3691845238208771]}","{'sequence': 'There is a way to overlap grid-template-areas!', 'labels': ['lifestyle'], 'scores': [0.19010406732559204]}","{'sequence': 'There is a way to overlap grid-template-areas!', 'labels': ['education'], 'scores': [0.1401633471250534]}"
75,3212,How To Fill Out The Common App ACTIVITIES SECTION (with EXAMPLES!),The Almost Astrophysicist,"['fill', 'common', 'app', 'activity', 'section', 'example']",3,,,,1.0,"{'sequence': 'How To Fill Out The Common App ACTIVITIES SECTION (with EXAMPLES!)', 'labels': ['coding'], 'scores': [0.020525934174656868]}","{'sequence': 'How To Fill Out The Common App ACTIVITIES SECTION (with EXAMPLES!)', 'labels': ['productivity'], 'scores': [0.5377702713012695]}","{'sequence': 'How To Fill Out The Common App ACTIVITIES SECTION (with EXAMPLES!)', 'labels': ['lifestyle'], 'scores': [0.04059512913227081]}","{'sequence': 'How To Fill Out The Common App ACTIVITIES SECTION (with EXAMPLES!)', 'labels': ['education'], 'scores': [0.007412662263959646]}"
76,10337,4th of July fireworks - Excel animated chart | ExcelTutorials,Chandoo,"['july', 'firework', 'excel', 'animate', 'chart', 'exceltutorials']",3,,,,1.0,"{'sequence': '4th of July fireworks - Excel animated chart | ExcelTutorials', 'labels': ['coding'], 'scores': [0.040303368121385574]}","{'sequence': '4th of July fireworks - Excel animated chart | ExcelTutorials', 'labels': ['productivity'], 'scores': [0.0009953788248822093]}","{'sequence': '4th of July fireworks - Excel animated chart | ExcelTutorials', 'labels': ['lifestyle'], 'scores': [0.0010894602164626122]}","{'sequence': '4th of July fireworks - Excel animated chart | ExcelTutorials', 'labels': ['education'], 'scores': [0.0016659391112625599]}"
77,14383,Home Declutter & Living Room Makeover | Reset Routine,Lavendaire,"['home', 'declutter', 'living', 'room', 'makeover', 'reset', 'routine']",3,,,1.0,,"{'sequence': 'Home Declutter & Living Room Makeover | Reset Routine', 'labels': ['coding'], 'scores': [0.00047779688611626625]}","{'sequence': 'Home Declutter & Living Room Makeover | Reset Routine', 'labels': ['productivity'], 'scores': [0.5988792181015015]}","{'sequence': 'Home Declutter & Living Room Makeover | Reset Routine', 'labels': ['lifestyle'], 'scores': [0.9531475305557251]}","{'sequence': 'Home Declutter & Living Room Makeover | Reset Routine', 'labels': ['education'], 'scores': [0.0006063442560844123]}"
78,10889,How to Calculate Percentage Change in Excel #shorts,Leila Gharani,"['calculate', 'percentage', 'change', 'excel', 'short']",3,,,,1.0,"{'sequence': 'How to Calculate Percentage Change in Excel #shorts', 'labels': ['coding'], 'scores': [0.09296164661645889]}","{'sequence': 'How to Calculate Percentage Change in Excel #shorts', 'labels': ['productivity'], 'scores': [0.3164624869823456]}","{'sequence': 'How to Calculate Percentage Change in Excel #shorts', 'labels': ['lifestyle'], 'scores': [0.1303178071975708]}","{'sequence': 'How to Calculate Percentage Change in Excel #shorts', 'labels': ['education'], 'scores': [0.15270255506038666]}"
79,7112,How do websites work?,Coder Coder,"['website', 'work']",3,,,,1.0,"{'sequence': 'How do websites work?', 'labels': ['coding'], 'scores': [0.010454476810991764]}","{'sequence': 'How do websites work?', 'labels': ['productivity'], 'scores': [0.030163388699293137]}","{'sequence': 'How do websites work?', 'labels': ['lifestyle'], 'scores': [0.0008306853706017137]}","{'sequence': 'How do websites work?', 'labels': ['education'], 'scores': [0.0023057416547089815]}"
80,10002,Week in Life Of A Software Developer Advocate Working Remotely In Barcelona | FAANG,Bukola,"['week', 'life', 'software', 'developer', 'advocate', 'working', 'barcelona', 'faang']",4,,,1.0,,"{'sequence': 'Week in Life Of A Software Developer Advocate Working Remotely In Barcelona | FAANG', 'labels': ['coding'], 'scores': [0.6925392150878906]}","{'sequence': 'Week in Life Of A Software Developer Advocate Working Remotely In Barcelona | FAANG', 'labels': ['productivity'], 'scores': [0.5618022680282593]}","{'sequence': 'Week in Life Of A Software Developer Advocate Working Remotely In Barcelona | FAANG', 'labels': ['lifestyle'], 'scores': [0.9604928493499756]}","{'sequence': 'Week in Life Of A Software Developer Advocate Working Remotely In Barcelona | FAANG', 'labels': ['education'], 'scores': [0.0007151569589041173]}"
81,3913,Top 5 IT Skills in 2020,NetworkChuck,['skill'],4,,1.0,,,"{'sequence': 'Top 5 IT Skills in 2020', 'labels': ['coding'], 'scores': [0.33573564887046814]}","{'sequence': 'Top 5 IT Skills in 2020', 'labels': ['productivity'], 'scores': [0.08559077978134155]}","{'sequence': 'Top 5 IT Skills in 2020', 'labels': ['lifestyle'], 'scores': [0.0001383016788167879]}","{'sequence': 'Top 5 IT Skills in 2020', 'labels': ['education'], 'scores': [4.304634057916701e-05]}"
82,1567,Kaggle Project From Scratch - Part 2 (Exploratory Data Analysis),Ken Jee,"['kaggle', 'project', 'scratch', 'exploratory', 'data', 'analysis']",4,1.0,,,,"{'sequence': 'Kaggle Project From Scratch - Part 2 (Exploratory Data Analysis)', 'labels': ['coding'], 'scores': [0.0294010192155838]}","{'sequence': 'Kaggle Project From Scratch - Part 2 (Exploratory Data Analysis)', 'labels': ['productivity'], 'scores': [0.13769927620887756]}","{'sequence': 'Kaggle Project From Scratch - Part 2 (Exploratory Data Analysis)', 'labels': ['lifestyle'], 'scores': [0.01226808037608862]}","{'sequence': 'Kaggle Project From Scratch - Part 2 (Exploratory Data Analysis)', 'labels': ['education'], 'scores': [0.00152087293099612]}"
83,3246,"Asking Millionaires How To Make $1,000,000",Noah Kagan,"['ask', 'millionaire']",4,,1.0,1.0,,"{'sequence': 'Asking Millionaires How To Make $1,000,000', 'labels': ['coding'], 'scores': [0.00892359483987093]}","{'sequence': 'Asking Millionaires How To Make $1,000,000', 'labels': ['productivity'], 'scores': [0.19433552026748657]}","{'sequence': 'Asking Millionaires How To Make $1,000,000', 'labels': ['lifestyle'], 'scores': [0.009909074753522873]}","{'sequence': 'Asking Millionaires How To Make $1,000,000', 'labels': ['education'], 'scores': [0.0005887632141821086]}"
84,14516,Mistakes I Made in My 20's | Storytime (ft. Jenny Mustard),Lavendaire,"['mistake', 'storytime', 'ft', 'jenny', 'mustard']",4,,,1.0,,"{'sequence': ""Mistakes I Made in My 20's | Storytime (ft. Jenny Mustard)"", 'labels': ['coding'], 'scores': [0.0005351422005333006]}","{'sequence': ""Mistakes I Made in My 20's | Storytime (ft. Jenny Mustard)"", 'labels': ['productivity'], 'scores': [0.0004280427237972617]}","{'sequence': ""Mistakes I Made in My 20's | Storytime (ft. Jenny Mustard)"", 'labels': ['lifestyle'], 'scores': [0.02541636861860752]}","{'sequence': ""Mistakes I Made in My 20's | Storytime (ft. Jenny Mustard)"", 'labels': ['education'], 'scores': [0.018106041476130486]}"
85,1089,Top 3 Technical Skills for Business Intelligence (BI) #shorts,Luke Barousse,"['technical', 'skills', 'business', 'intelligence', 'bi', 'short']",4,,1.0,,,"{'sequence': 'Top 3 Technical Skills for Business Intelligence (BI) #shorts', 'labels': ['coding'], 'scores': [0.03871917724609375]}","{'sequence': 'Top 3 Technical Skills for Business Intelligence (BI) #shorts', 'labels': ['productivity'], 'scores': [0.057801224291324615]}","{'sequence': 'Top 3 Technical Skills for Business Intelligence (BI) #shorts', 'labels': ['lifestyle'], 'scores': [0.0004249903722666204]}","{'sequence': 'Top 3 Technical Skills for Business Intelligence (BI) #shorts', 'labels': ['education'], 'scores': [0.00013937271432951093]}"
86,4069,Use your regrets as motivation!,Dorian Develops,"['use', 'regret', 'motivation']",4,,1.0,,,"{'sequence': 'Use your regrets as motivation!', 'labels': ['coding'], 'scores': [0.01960287056863308]}","{'sequence': 'Use your regrets as motivation!', 'labels': ['productivity'], 'scores': [0.11143577098846436]}","{'sequence': 'Use your regrets as motivation!', 'labels': ['lifestyle'], 'scores': [0.03829669579863548]}","{'sequence': 'Use your regrets as motivation!', 'labels': ['education'], 'scores': [0.011777268722653389]}"
87,5782,"Hidden Netcat Data (""Clam Clam Clam"") - AngstromCTF 2020",John Hammond,"['hidden', 'netcat', 'data', 'clam', 'clam', 'clam', 'angstromctf']",4,1.0,,,,"{'sequence': 'Hidden Netcat Data (""Clam Clam Clam"") - AngstromCTF 2020', 'labels': ['coding'], 'scores': [0.5242533683776855]}","{'sequence': 'Hidden Netcat Data (""Clam Clam Clam"") - AngstromCTF 2020', 'labels': ['productivity'], 'scores': [0.02134389989078045]}","{'sequence': 'Hidden Netcat Data (""Clam Clam Clam"") - AngstromCTF 2020', 'labels': ['lifestyle'], 'scores': [0.004918145947158337]}","{'sequence': 'Hidden Netcat Data (""Clam Clam Clam"") - AngstromCTF 2020', 'labels': ['education'], 'scores': [0.00422621937468648]}"
88,3716,Hiring My First Employees for my Tech Startup,Joma Tech,"['hire', 'employees', 'tech', 'startup']",4,,,1.0,,"{'sequence': 'Hiring My First Employees for my Tech Startup', 'labels': ['coding'], 'scores': [0.2327333390712738]}","{'sequence': 'Hiring My First Employees for my Tech Startup', 'labels': ['productivity'], 'scores': [0.5332304835319519]}","{'sequence': 'Hiring My First Employees for my Tech Startup', 'labels': ['lifestyle'], 'scores': [0.00040679494850337505]}","{'sequence': 'Hiring My First Employees for my Tech Startup', 'labels': ['education'], 'scores': [0.00018134454148821533]}"
89,4116,Secretlab TITAN 2020 vs Autonomous Ergo Chair 2 // 6 Month Update // Am I Happy With The TITAN?,Dorian Develops,"['secretlab', 'titan', 'autonomous', 'ergo', 'chair', 'month', 'update', 'happy', 'titan']",4,,,1.0,,"{'sequence': 'Secretlab TITAN 2020 vs Autonomous Ergo Chair 2 // 6 Month Update // Am I Happy With The TITAN?', 'labels': ['coding'], 'scores': [0.281499445438385]}","{'sequence': 'Secretlab TITAN 2020 vs Autonomous Ergo Chair 2 // 6 Month Update // Am I Happy With The TITAN?', 'labels': ['productivity'], 'scores': [0.5148345232009888]}","{'sequence': 'Secretlab TITAN 2020 vs Autonomous Ergo Chair 2 // 6 Month Update // Am I Happy With The TITAN?', 'labels': ['lifestyle'], 'scores': [0.16574114561080933]}","{'sequence': 'Secretlab TITAN 2020 vs Autonomous Ergo Chair 2 // 6 Month Update // Am I Happy With The TITAN?', 'labels': ['education'], 'scores': [0.03189516440033913]}"
90,1092,Lambda Functions for Data Science / Data Analysis - Python P.6,Luke Barousse,"['lambda', 'functions', 'data', 'science', 'data', 'analysis', 'python']",4,1.0,,,,"{'sequence': 'Lambda Functions for Data Science / Data Analysis - Python P.6', 'labels': ['coding'], 'scores': [0.10711517184972763]}","{'sequence': 'Lambda Functions for Data Science / Data Analysis - Python P.6', 'labels': ['productivity'], 'scores': [0.03948912024497986]}","{'sequence': 'Lambda Functions for Data Science / Data Analysis - Python P.6', 'labels': ['lifestyle'], 'scores': [0.000678317854180932]}","{'sequence': 'Lambda Functions for Data Science / Data Analysis - Python P.6', 'labels': ['education'], 'scores': [0.00016026846424210817]}"
91,14671,My Story | Lavendaire,Lavendaire,"['story', 'lavendaire']",4,,,1.0,,"{'sequence': 'My Story | Lavendaire', 'labels': ['coding'], 'scores': [0.0004980348749086261]}","{'sequence': 'My Story | Lavendaire', 'labels': ['productivity'], 'scores': [0.032315049320459366]}","{'sequence': 'My Story | Lavendaire', 'labels': ['lifestyle'], 'scores': [0.9815676808357239]}","{'sequence': 'My Story | Lavendaire', 'labels': ['education'], 'scores': [0.024738429114222527]}"
92,12485,Sunday Live Q&A Ask Anything Related Data Science,Krish Naik,"['sunday', 'live', 'ask', 'related', 'data', 'science']",4,,,1.0,,"{'sequence': 'Sunday Live Q&A Ask Anything Related Data Science', 'labels': ['coding'], 'scores': [0.01579483412206173]}","{'sequence': 'Sunday Live Q&A Ask Anything Related Data Science', 'labels': ['productivity'], 'scores': [0.010085709393024445]}","{'sequence': 'Sunday Live Q&A Ask Anything Related Data Science', 'labels': ['lifestyle'], 'scores': [0.00028815018595196307]}","{'sequence': 'Sunday Live Q&A Ask Anything Related Data Science', 'labels': ['education'], 'scores': [0.00034622676321305335]}"
93,14393,Lavendaire Pastel Notebooks ‚òÅÔ∏è,Lavendaire,"['lavendaire', 'pastel', 'notebooks']",4,,,1.0,,"{'sequence': 'Lavendaire Pastel Notebooks ‚òÅÔ∏è', 'labels': ['coding'], 'scores': [0.0002857740328181535]}","{'sequence': 'Lavendaire Pastel Notebooks ‚òÅÔ∏è', 'labels': ['productivity'], 'scores': [0.30538544058799744]}","{'sequence': 'Lavendaire Pastel Notebooks ‚òÅÔ∏è', 'labels': ['lifestyle'], 'scores': [0.8837276697158813]}","{'sequence': 'Lavendaire Pastel Notebooks ‚òÅÔ∏è', 'labels': ['education'], 'scores': [0.10259401053190231]}"
94,1818,5 Tech Skills You Should Learn in 2021 #shorts #tech,Seattle Data Guy,"['tech', 'skill', 'learn', 'short', 'tech']",4,,1.0,,,"{'sequence': '5 Tech Skills You Should Learn in 2021 #shorts #tech', 'labels': ['coding'], 'scores': [0.2560563385486603]}","{'sequence': '5 Tech Skills You Should Learn in 2021 #shorts #tech', 'labels': ['productivity'], 'scores': [0.17594675719738007]}","{'sequence': '5 Tech Skills You Should Learn in 2021 #shorts #tech', 'labels': ['lifestyle'], 'scores': [0.002246752381324768]}","{'sequence': '5 Tech Skills You Should Learn in 2021 #shorts #tech', 'labels': ['education'], 'scores': [0.017036449164152145]}"
95,14142,Exploratory Data Analysis in R: Towards Data Understanding,Data Professor,"['exploratory', 'data', 'analysis', 'r', 'datum', 'understanding']",4,1.0,,,,"{'sequence': 'Exploratory Data Analysis in R: Towards Data Understanding', 'labels': ['coding'], 'scores': [0.02102692984044552]}","{'sequence': 'Exploratory Data Analysis in R: Towards Data Understanding', 'labels': ['productivity'], 'scores': [0.11377107352018356]}","{'sequence': 'Exploratory Data Analysis in R: Towards Data Understanding', 'labels': ['lifestyle'], 'scores': [0.04774918034672737]}","{'sequence': 'Exploratory Data Analysis in R: Towards Data Understanding', 'labels': ['education'], 'scores': [0.004991062916815281]}"
96,5436,I used the GPT-2 AI to respond to my YouTube comments,Aaron Jack / Freemote,"['ai', 'respond', 'youtube', 'comment']",4,1.0,,,,"{'sequence': 'I used the GPT-2 AI to respond to my YouTube comments', 'labels': ['coding'], 'scores': [0.0075660101138055325]}","{'sequence': 'I used the GPT-2 AI to respond to my YouTube comments', 'labels': ['productivity'], 'scores': [0.0953819528222084]}","{'sequence': 'I used the GPT-2 AI to respond to my YouTube comments', 'labels': ['lifestyle'], 'scores': [0.23563547432422638]}","{'sequence': 'I used the GPT-2 AI to respond to my YouTube comments', 'labels': ['education'], 'scores': [0.004095801617950201]}"
97,13154,Tutorial 6- Data Transformation Using QlikSense,Krish Naik,"['tutorial', 'data', 'transformation', 'qliksense']",4,1.0,,,,"{'sequence': 'Tutorial 6- Data Transformation Using QlikSense', 'labels': ['coding'], 'scores': [0.004358069505542517]}","{'sequence': 'Tutorial 6- Data Transformation Using QlikSense', 'labels': ['productivity'], 'scores': [0.054729923605918884]}","{'sequence': 'Tutorial 6- Data Transformation Using QlikSense', 'labels': ['lifestyle'], 'scores': [0.0044685122556984425]}","{'sequence': 'Tutorial 6- Data Transformation Using QlikSense', 'labels': ['education'], 'scores': [0.0017828335985541344]}"
98,9799,I Left my Job at Google - Here's Why,Cl√©ment Mihailescu,"['leave', 'job', 'google']",4,,,1.0,,"{'sequence': ""I Left my Job at Google - Here's Why"", 'labels': ['coding'], 'scores': [0.09452372044324875]}","{'sequence': ""I Left my Job at Google - Here's Why"", 'labels': ['productivity'], 'scores': [0.257366418838501]}","{'sequence': ""I Left my Job at Google - Here's Why"", 'labels': ['lifestyle'], 'scores': [0.010355446487665176]}","{'sequence': ""I Left my Job at Google - Here's Why"", 'labels': ['education'], 'scores': [0.000254364829743281]}"
99,12265,Reviewing Mechanical Engineer Resume For Data Science Role,Krish Naik,"['review', 'mechanical', 'engineer', 'resume', 'data', 'science', 'role']",4,,,1.0,1.0,"{'sequence': 'Reviewing Mechanical Engineer Resume For Data Science Role', 'labels': ['coding'], 'scores': [0.0712895318865776]}","{'sequence': 'Reviewing Mechanical Engineer Resume For Data Science Role', 'labels': ['productivity'], 'scores': [0.13884854316711426]}","{'sequence': 'Reviewing Mechanical Engineer Resume For Data Science Role', 'labels': ['lifestyle'], 'scores': [0.00024317621137015522]}","{'sequence': 'Reviewing Mechanical Engineer Resume For Data Science Role', 'labels': ['education'], 'scores': [0.001229056972078979]}"
